"","LON","LAT","YEAR","MM","DD","DOY","YYYYMMDD","RH2M","T2M","PRECTOT","T2M_MAX","T2M_MIN","ALLSKY_SFC_SW_DWN","CLRSKY_SFC_SW_DWN","PS","WS2M","T2MDEW","Wpot","e_t","e_tmin","e_tmax","e_a","e_s","VPD","delta","gama","gd","GDD","ratio","Rns","Rnl","Rn","ET0","Kc","ET","local"
"1",-3.70343,40.47786,2015,5,15,135,"2015-05-15",45.22,15.35,0,23.17,7.73,29.08,29.26,94.07,4.39,3.53,-105.45816449644,1.74415497256365,1.05320058514808,2.83845510558334,0.78674726232852,1.94582784536571,1.15908058303719,0.111974316301286,0.06255655,5.35,5.35,1,22.3916,3.05399560935588e-07,22.3915996946004,7.52692754861979,0.100000706771166,0.752698074677337,"Madrid, Spain"
"2",-3.70343,40.47786,2015,5,16,136,"2015-05-16",39.15,17.22,0,27.6,7.29,29.51,29.51,94.42,3.81,3.08,-125.41874126086,1.96491038286487,1.02198446885703,3.6927819602923,0.762079497707884,2.35738321457467,1.59530371686678,0.124299926679404,0.0627893,7.22,12.57,1,22.7227,3.10306508312566e-07,22.7226996896935,8.70208413220189,0.100009166881982,0.870288184198426,"Madrid, Spain"
"3",-3.70343,40.47786,2015,5,17,137,"2015-05-17",41.53,19.45,0,29.29,9.46,29.3,29.3,94.07,2.49,5.91,-118.428017347638,2.25984600190913,1.18422862878504,4.0732998019518,0.929298834431227,2.62876421536842,1.69946538093719,0.140484980173275,0.06255655,9.45,22.02,1,22.561,2.94088393282421e-07,22.5609997059116,8.23355793938534,0.100049278766953,0.823761533521427,"Madrid, Spain"
"4",-3.70343,40.47786,2015,5,18,138,"2015-05-18",38.02,21.27,0,30.74,10.47,28.68,29.29,93.32,1.43,6.14,-131.13878193294,2.52855152316242,1.26717689284648,4.42651883301461,0.944211714296905,2.84684786293054,1.90263614863364,0.154984223121223,0.0620578,11.27,33.29,1,22.0836,2.93771422527603e-07,22.0835997062286,7.7375018285382,0.100170265002275,0.775067608620259,"Madrid, Spain"
"5",-3.70343,40.47786,2015,5,19,139,"2015-05-19",46.01,17.8,0.7,24.6,9.22,22.41,29.01,93.15,4.55,5.9,-104.032337790415,2.03817633516618,1.16523518566167,3.09308132952254,0.928655184057023,2.12915825759211,1.20050307353509,0.128349089342002,0.06194475,7.8,41.09,1,17.2557,2.91676786811578e-07,17.2556997083232,6.81810973730478,0.100320156874613,0.683993838434741,"Madrid, Spain"
"6",-3.70343,40.47786,2015,5,20,140,"2015-05-20",43.1,13.52,0,21.46,5.25,29.15,29.68,93.89,3.67,1.17,-111.129583134849,1.54948484155067,0.887651398938563,2.55815002701053,0.664809800925841,1.72290071297455,1.05809091204871,0.100933413019357,0.06243685,3.52,44.61,1,22.4455,3.17269945524599e-07,22.4454996827301,6.98738075158101,0.10040966928361,0.701600590424908,"Madrid, Spain"
"7",-3.70343,40.47786,2015,5,21,141,"2015-05-21",41.19,13.89,0,22.09,6.26,29.99,29.99,94.32,3.27,0.77,-117.265621984119,1.58722913071259,0.952075743258994,2.658469649032,0.645888361735285,1.80527269614549,1.15938433441021,0.103087708933443,0.0627228,3.89,48.5,1,23.0923,3.20483000927271e-07,23.092299679517,7.290466137006,0.100526427891694,0.732884518418569,"Madrid, Spain"
"8",-3.70343,40.47786,2015,5,22,142,"2015-05-22",38.92,13.74,0,22.49,5.07,30.22,30.22,94.12,4.04,-0.11,-124.69499784371,1.5718312639815,0.87658253836719,2.72393314458971,0.605927524510957,1.80025784147845,1.19433031696749,0.10220967898774,0.0625898,3.74,52.24,1,23.2694,3.25017347883775e-07,23.2693996749827,7.64944274630002,0.100657805096625,0.769976117054858,"Madrid, Spain"
"9",-3.70343,40.47786,2015,5,23,143,"2015-05-23",45.03,15.11,0,23.4,6.34,29.02,29.67,93.74,3.72,3.27,-105.929513685006,1.71746084569009,0.957350437369853,2.87813028475836,0.772410234753474,1.91774036106411,1.14533012631063,0.110470338636907,0.0623371,5.11,57.35,1,22.3454,3.06391028301932e-07,22.345399693609,7.29905602109433,0.100870254009445,0.736257634876956,"Madrid, Spain"
"10",-3.70343,40.47786,2015,5,24,144,"2015-05-24",47.32,16.65,0,24.16,8.08,22.15,-99,93.58,3.08,5.37,-99.8740255381642,1.89516533753027,1.07862795133082,3.01269397727097,0.895098923674521,2.04566096430089,1.15056204062637,0.120426655235529,0.0622307,6.65,64,1,17.0555,2.94371420121158e-07,17.0554997056286,6.14639773420718,0.101209257288997,0.622072349681886,"Madrid, Spain"
"11",-3.70343,40.47786,2015,5,25,145,"2015-05-25",47.33,18.43,0,25.85,10.24,22.33,-99,93.72,2.63,6.98,-100.458773204645,2.12045789863168,1.24785150784424,3.33174865855268,1.00048338118778,2.28980008319846,1.28931670201068,0.132873462059209,0.0623238,8.43,72.43,1,17.1941,2.85507317561102e-07,17.1940997144927,6.31569114620378,0.101752374448906,0.642636570412169,"Madrid, Spain"
"12",-3.70343,40.47786,2015,5,26,146,"2015-05-26",37.25,18.74,0,27.69,9.95,30.17,30.17,93.78,3.23,3.57,-132.763178962716,2.16200224998934,1.22385436511413,3.7122362903687,0.788973675640501,2.46804532774141,1.67907165210091,0.13514888237163,0.0623637,8.74,81.17,1,23.2309,3.08714247973265e-07,23.2308996912858,8.73821050146972,0.102465568540026,0.895365707055519,"Madrid, Spain"
"13",-3.70343,40.47786,2015,5,27,147,"2015-05-27",38.26,19.51,0,29.15,9.85,30.01,30.01,93.74,2.79,4.83,-129.507033391693,2.26828921657654,1.21567409909313,4.04053163433385,0.86201345043815,2.62810286671349,1.76608941627534,0.140943976596277,0.0623371,9.51,90.68,1,23.1077,3.01356553225219e-07,23.1076996986434,8.66525399391096,0.103436156586807,0.896300568978633,"Madrid, Spain"
"14",-3.70343,40.47786,2015,5,28,148,"2015-05-28",37.68,21.68,0,30.76,11.85,29.6,29.9,93.59,1.48,6.46,-132.541136959369,2.59279978129204,1.38875133440532,4.43157124199427,0.965310758236814,2.9101612881998,1.94485052996298,0.158419443147807,0.06223735,11.68,102.36,1,22.792,2.92289131910531e-07,22.7919997077109,8.01784845098768,0.104938916057041,0.841384325556275,"Madrid, Spain"
"15",-3.70343,40.47786,2015,5,29,149,"2015-05-29",39.95,21.92,0.89,30.8,12.74,20.77,-99,93.32,1.51,7.51,-124.698628038695,2.63106646876932,1.47248684720747,4.44169109904079,1.03748915355031,2.95708897312413,1.91959981957382,0.160459990194996,0.0620578,11.92,114.28,1,15.9929,2.85448510371969e-07,15.9928997145515,6.27394297778839,0.106867033637912,0.670477675249655,"Madrid, Spain"
"16",-3.70343,40.47786,2015,5,30,150,"2015-05-30",39.8,21.21,0,30.12,11.9,25.4,29.82,93.56,2.05,6.71,-124.908742630193,2.51926701095531,1.39334217786484,4.27235732445155,0.982082296666925,2.83284975115819,1.85076745449127,0.154486828841307,0.0622174,11.21,125.49,1,19.558,2.90280287439518e-07,19.5579997097197,7.51668251952613,0.109083341928441,0.819944849445004,"Madrid, Spain"
"17",-3.70343,40.47786,2015,5,31,151,"2015-05-31",34.18,22.03,0,30.38,11.97,27.47,-99,93.62,1.46,5.27,-145.952563877076,2.64876960904871,1.39979175226671,4.33642772892093,0.888888846170927,2.86810974059382,1.9792208944229,0.1614026343498,0.0622573,12.03,137.52,1,21.1519,3.00179619875112e-07,21.1518996998204,7.62753866803967,0.111938444718676,0.853814815531924,"Madrid, Spain"
"18",-3.70343,40.47786,2015,6,1,152,"2015-06-01",36.79,22.56,0,31.15,12.95,27.03,-99,93.63,1.87,6.85,-136.19217607062,2.73553281809307,1.49287919654947,4.53110006824307,0.991586037374185,3.01198963239627,2.02040359502208,0.166010292663455,0.06226395,12.56,150.08,1,20.8131,2.90337221280165e-07,20.8130997096628,7.93710903047716,0.115492080377656,0.916673234114089,"Madrid, Spain"
"19",-3.70343,40.47786,2015,6,2,153,"2015-06-02",33.89,24.52,0,32.46,15.37,26.17,-99,93.77,1.35,7.42,-148.351330490983,3.07832782265923,1.74639581331763,4.8797757150355,1.03112147178058,3.31308576417657,2.28196429239599,0.184026846730542,0.06235705,14.52,164.6,1,20.1509,2.88162938583856e-07,20.1508997118371,7.61472693132552,0.120391550068408,0.916748778609929,"Madrid, Spain"
"20",-3.70343,40.47786,2015,6,3,154,"2015-06-03",32.67,24.56,0.29,32.67,14.59,25.6,-99,94,2.16,6.96,-153.398471133455,3.08569688538669,1.66084932704722,4.93778329961849,0.999109998926508,3.29931631333286,2.30020631440635,0.184411028128927,0.06251,14.56,179.16,1,19.712,2.91122950842811e-07,19.7119997088771,8.27275635802687,0.126224768443372,1.04422675568038,"Madrid, Spain"
"21",-3.70343,40.47786,2015,6,4,155,"2015-06-04",26.8,23.88,0,31.86,15.52,29.29,29.84,93.99,2.45,3.54,-180.143716025156,2.96249276542012,1.76328272454362,4.71728814664061,0.787303345239782,3.24028543559211,2.45298209035233,0.177971072422074,0.06250335,13.88,193.04,1,22.5533,3.14055051680552e-07,22.5532996859449,9.4906314998134,0.132705576326054,1.25945972288094,"Madrid, Spain"
"22",-3.70343,40.47786,2015,6,5,156,"2015-06-05",26.93,23.08,0,31.56,13.16,28.94,-99,93.89,1.97,2.89,-178.99854255045,2.82306048838092,1.5135190494887,4.63782183200301,0.751870913954993,3.07567044074585,2.32379952679086,0.170638447986258,0.06243685,13.08,206.12,1,22.2838,3.16744793711376e-07,22.2837996832552,8.80424735825904,0.139684746539314,1.22981906070784,"Madrid, Spain"
"23",-3.70343,40.47786,2015,6,6,157,"2015-06-06",29.93,24.24,0,33.23,14.02,28.53,29.98,93.95,2.07,5.34,-165.231959919652,3.02717279891311,1.60068084102606,5.09540661858821,0.893231896879021,3.34804372980713,2.45481183292811,0.181356417250482,0.06247675,14.24,220.36,1,21.9681,3.02209625091781e-07,21.9680996977904,8.98790526912816,0.148295091371461,1.3328622331234,"Madrid, Spain"
"24",-3.70343,40.47786,2015,6,7,158,"2015-06-07",25.9,24.31,0,32.97,14.92,29.88,30.15,94,2.49,3.31,-185.084328644485,3.03989152525775,1.69658273242891,5.02168950124287,0.774600809385597,3.35913611683589,2.58453530745029,0.18202094261631,0.06251,14.31,234.67,1,23.0076,3.15790553548002e-07,23.0075996842094,9.83828352663993,0.158058897543616,1.55502824794223,"Madrid, Spain"
"25",-3.70343,40.47786,2015,6,8,159,"2015-06-08",26.81,24.37,0,32.55,14.48,28.87,30.09,93.75,1.5,3.82,-180.389620624619,3.05083036747463,1.64908578089926,4.90456324056519,0.80301515596202,3.27682451073223,2.47380935477021,0.182592168279278,0.06234375,14.37,249.04,1,22.2299,3.12075814197939e-07,22.2298996879242,8.51451353510452,0.169028421931127,1.43919478634994,"Madrid, Spain"
"26",-3.70343,40.47786,2015,6,9,160,"2015-06-09",34.49,24.23,0.96,32.02,16.72,23.74,-99,93.41,1.89,7.23,-145.803152512662,3.02535963294453,1.9036119994927,4.76015178347121,1.01779149317744,3.33188189148196,2.31409039830451,0.181261652217467,0.06211765,14.23,263.27,1,18.2798,2.89949144573195e-07,18.2797997100509,7.6757595070245,0.181077804508657,1.38990967946845,"Madrid, Spain"
"27",-3.70343,40.47786,2015,6,10,161,"2015-06-10",55.15,21.48,5.7,26.39,16.49,21,-99,93.24,2.52,12.06,-80.7584453185915,2.56128319768639,1.87598187140714,3.43971857819409,1.40812258407446,2.65785022480061,1.24972764072615,0.156735775660792,0.0620046,11.48,274.75,1,16.17,2.51141854173139e-07,16.1699997488581,5.9986893604221,0.191679191391692,1.14982392601565,"Madrid, Spain"
"28",-3.70343,40.47786,2015,6,11,162,"2015-06-11",68.2,18.73,10.99,22.3,14.58,13.96,-99,93.17,2.62,12.66,-51.4523460132126,2.16065107437729,1.65977688101881,2.69266455303664,1.46478290709118,2.17622071702772,0.711437809936542,0.135074969935492,0.06195805,8.73,283.48,1,10.7492,2.43852867691186e-07,10.7491997561471,3.76123957747491,0.200275323558845,0.753283473361122,"Madrid, Spain"
"29",-3.70343,40.47786,2015,6,12,163,"2015-06-12",55.96,17.72,3.91,23.65,12.75,19.71,-99,93.17,2.51,8.73,-77.7749878554642,2.02793059722312,1.47345233656828,2.92180364361553,1.12728710361772,2.1976279900919,1.07034088647419,0.127784023671899,0.06195805,7.72,291.2,1,15.1767,2.73360349170144e-07,15.1766997266397,5.38524280141647,0.208264849463755,1.12155678136277,"Madrid, Spain"
"30",-3.70343,40.47786,2015,6,13,164,"2015-06-13",47.55,16.57,0,21.72,12.05,15.72,-99,93.19,2.54,5.35,-99.1994411023783,1.88555223074997,1.4071947907078,2.59914359289532,0.893853857319522,2.00316919180156,1.10931533448204,0.119891323678867,0.06197135,6.57,297.77,1,12.1044,2.95280933270612e-07,12.1043997047191,4.82114137728998,0.215352383002963,1.03824428439359,"Madrid, Spain"
"31",-3.70343,40.47786,2015,6,14,165,"2015-06-14",53.39,15.82,0.35,21.85,9.46,21.42,-99,93.34,2.63,6.34,-83.5245949424551,1.7974864895901,1.18422862878504,2.61985472301223,0.957350437369853,1.90204167589863,0.944691238528782,0.114970035435955,0.0620711,5.82,303.59,1,16.4934,2.87485656629831e-07,16.4933997125143,5.39349827718822,0.221852709223295,1.19656220498538,"Madrid, Spain"
"32",-3.70343,40.47786,2015,6,15,166,"2015-06-15",65.24,15.48,6.36,20.07,11.83,16.1,-99,93.66,1.12,8.93,-56.7785404852062,1.75876561098584,1.38691872068683,2.34843272335643,1.14264270562287,1.86767572202163,0.725033016398757,0.112796208164107,0.0622839,5.48,309.07,1,12.397,2.69819135315966e-07,12.3969997301809,3.66357197603078,0.228163979381138,0.8358951608004,"Madrid, Spain"
"33",-3.70343,40.47786,2015,6,16,167,"2015-06-16",51.57,18.35,0.28,25.96,10.22,23.95,-99,94.08,2.55,8.14,-88.9121392227455,2.10985086981363,1.24618335113179,3.35349972369563,1.08304076266386,2.29984153741371,1.21680077474986,0.132291554341413,0.0625632,8.35,317.42,1,18.4415,2.77464523748859e-07,18.4414997225355,6.40328946857913,0.238135971690416,1.5248535596151,"Madrid, Spain"
"34",-3.70343,40.47786,2015,6,17,168,"2015-06-17",43.56,19.7,0,27.47,11.26,30.59,30.59,94.12,3.17,6.8,-112.092088998813,2.29520837106577,1.33557433626887,3.66483799957194,0.988182585722631,2.50020616792041,1.51202358219777,0.142405848758158,0.0625898,9.7,327.12,1,23.5543,2.88039979937198e-07,23.55429971196,8.40868841328824,0.250257382771951,2.10433635485434,"Madrid, Spain"
"35",-3.70343,40.47786,2015,6,18,169,"2015-06-18",42.28,21.24,0,29.95,11.58,30.06,30.54,94.03,2.53,7.85,-116.725295596297,2.52390553644656,1.36418963961052,4.23091158642325,1.06185843867841,2.79755061301689,1.73569217433848,0.154735357064411,0.06252995,11.24,338.36,1,23.1462,2.82076326938927e-07,23.1461997179237,8.48967193042153,0.26502030432138,2.24993543858899,"Madrid, Spain"
"36",-3.70343,40.47786,2015,6,19,170,"2015-06-19",38.07,23.04,0,32.04,13.14,30.71,30.71,93.86,2.93,7.6,-131.74747450192,2.81624186479029,1.5115426161329,4.76553345013745,1.0438914352743,3.13853803313518,2.09464659786087,0.170278612706752,0.0624169,13.04,351.4,1,23.6467,2.85605119752459e-07,23.6466997143949,9.52067807928539,0.283099562747195,2.6952998013025,"Madrid, Spain"
"37",-3.70343,40.47786,2015,6,20,171,"2015-06-20",32.45,23.55,0,32.84,13.57,30.91,30.91,93.85,2.34,5.61,-153.801670925723,2.90426539377092,1.55453894174795,4.98517940493096,0.910159414350401,3.26985917333946,2.35969975898906,0.174914805674821,0.06241025,13.55,364.95,1,23.8007,2.9996870993116e-07,23.8006997000313,9.56308627037136,0.302947098664013,2.89710923988266,"Madrid, Spain"
"38",-3.70343,40.47786,2015,6,21,172,"2015-06-21",34.78,25.51,0,34.74,14.62,29.7,30.44,93.75,1.74,8.64,-145.27862743126,3.26529355955192,1.66407031260994,5.54238286406501,1.12043653025487,3.60322658833748,2.4827900580826,0.19373603771606,0.06234375,15.51,380.46,1,22.869,2.80100589960063e-07,22.8689997198994,8.94204461740045,0.326951594835275,2.92361574874727,"Madrid, Spain"
"39",-3.70343,40.47786,2015,6,22,173,"2015-06-22",35.37,26.27,0.85,33.91,19.59,28.41,29.94,93.54,2.29,9.71,-143.328318839173,3.41546538138581,2.27958974994262,5.29266274303626,1.20430251576815,3.78612624648944,2.58182373072129,0.201479047324779,0.0622041,16.27,396.73,1,21.8757,2.74039092929058e-07,21.8756997259609,9.30512487089914,0.353542350838867,3.28975572170689,"Madrid, Spain"
"40",-3.70343,40.47786,2015,6,23,174,"2015-06-23",42.47,24.04,2.18,31.16,17.47,17.92,-99,93.37,2.16,10.34,-117.221181748053,2.99108902581208,1.99620272689558,4.53367742312939,1.25622177491321,3.26494007501249,2.00871830009927,0.179469031831423,0.06209105,14.04,410.77,1,13.7984,2.67034842073767e-07,13.7983997329652,6.3610128638446,0.377582978944971,2.40181018623772,"Madrid, Spain"
"41",-3.70343,40.47786,2015,6,24,175,"2015-06-24",42.26,22.99,2.23,30.5,13.79,28.1,-99,93.72,1.4,9.36,-117.483351639274,2.80773880585953,1.57694925770901,4.36627932050147,1.17628185438316,2.97161428910524,1.79533243472208,0.169829719261366,0.0623238,12.99,423.76,1,21.637,2.72434424492801e-07,21.6369997275656,7.54546863326812,0.400668438333035,3.02323113378244,"Madrid, Spain"
"42",-3.70343,40.47786,2015,6,25,176,"2015-06-25",39.5,24.95,0,32.7,15.47,28.12,-99,94.04,1.26,10.11,-127.533811203173,3.1583554743603,1.75763791889464,4.94611877542196,1.2370434888443,3.3518783471583,2.114834858314,0.188192351463563,0.0625366,14.95,438.71,1,21.6524,2.68580717117955e-07,21.6523997314193,7.80444571695272,0.428160544462031,3.34155572739484,"Madrid, Spain"
"43",-3.70343,40.47786,2015,6,26,177,"2015-06-26",28.66,27.18,0,34.6,18.57,29.65,-99,94.07,1.24,7.2,-172.86231070903,3.60316414550277,2.13913253390023,5.49955864943483,1.01570069227793,3.81934559166753,2.8036448993896,0.211091297268934,0.06255655,17.18,455.89,1,22.8305,2.92321021438117e-07,22.830499707679,8.72713067054881,0.460848269747183,4.02188306937999,"Madrid, Spain"
"44",-3.70343,40.47786,2015,6,27,178,"2015-06-27",25.2,28.4,0,37.2,18.13,30.43,30.43,93.95,1.63,6.36,-191.433304256981,3.86886371652877,2.08092062275474,6.34349320173986,0.958673127223618,4.2122069122473,3.25353378502368,0.224580620231047,0.06247675,18.4,474.29,1,23.4311,2.99300854379915e-07,23.4310997006991,9.74981551581303,0.496972049065971,4.8453857949088,"Madrid, Spain"
"45",-3.70343,40.47786,2015,6,28,179,"2015-06-28",23.03,29.99,0,38.95,19.22,30.44,30.44,93.86,1.64,6.27,-205.014463848118,4.24063193865381,2.22773446669285,6.97272527846564,0.952733676503737,4.60022987257924,3.64749619607551,0.243241185848855,0.0624169,19.99,494.28,1,23.4388,3.01343897461422e-07,23.4387996986561,10.0897765852169,0.53726616041746,5.42089552540948,"Madrid, Spain"
"46",-3.70343,40.47786,2015,6,29,180,"2015-06-29",25.18,30.62,0,39.81,19.97,29.59,30.19,93.79,1.79,7.95,-192.953012452827,4.3963093906328,2.33394240826773,7.30125327275284,1.06912111631742,4.81759784051029,3.74847672419286,0.250986252046516,0.06237035,20.62,514.9,1,22.7843,2.90101673215161e-07,22.7842997098983,10.1722634826364,0.579653706785643,5.89639023411041,"Madrid, Spain"
"47",-3.70343,40.47786,2015,6,30,181,"2015-06-30",21.07,29.91,0,39.22,20.81,29.81,30.18,93.56,2.92,5.22,-217.375976727764,4.22121061495412,2.45812803495137,7.07446177581087,0.885798075755968,4.76629490538112,3.88049682962515,0.242272188033391,0.0622174,19.91,534.81,1,22.9537,3.09536564568153e-07,22.9536996904634,11.9138444686378,0.621041777064128,7.39899514046847,"Madrid, Spain"
"48",-3.70343,40.47786,2015,7,1,182,"2015-07-01",21.25,28.5,0,37.27,18.77,30.24,30.77,93.48,2.53,4.08,-215.183258018338,3.89137953118522,2.16606021415493,6.36768387369415,0.817851747309115,4.26687204392454,3.44902029661543,0.225717686867152,0.0621642,18.5,553.31,1,23.2848,3.15111081188292e-07,23.2847996848889,11.025469422137,0.659608883774163,7.27249757862197,"Madrid, Spain"
"49",-3.70343,40.47786,2015,7,2,183,"2015-07-02",24.94,27.31,0,34.4,19.41,29.35,30.55,93.81,1.91,5.49,-192.176895928662,3.63069834756251,2.2542324762296,5.43887913792428,0.902601479494117,3.84655580707694,2.94395432758282,0.212495440588455,0.06238365,17.31,570.62,1,22.5995,3.04531269229991e-07,22.5994996954687,9.54557652087914,0.695546278193126,6.63939022230518,"Madrid, Spain"
"50",-3.70343,40.47786,2015,7,3,184,"2015-07-03",29.04,28.64,0,37.96,19.34,29.8,30.13,93.88,3.18,8.67,-171.871371142104,3.92309322081994,2.24443815152276,6.61044230087365,1.12271597293701,4.42744022619821,3.3047242532612,0.227317700005096,0.0624302,18.64,589.26,1,22.946,2.83611185753796e-07,22.9459997163888,11.4365581553593,0.733828051487613,8.39246718687206,"Madrid, Spain"
"51",-3.70343,40.47786,2015,7,4,185,"2015-07-04",26.87,29.28,0,38.21,19.95,29.27,30.02,93.92,2.51,8.16,-183.053720860091,4.07095157634387,2.3310537459218,6.70035417582464,1.08451522696148,4.51570396087322,3.43118873391174,0.234753871531109,0.0624568,19.28,608.54,1,22.5379,2.87787425555394e-07,22.5378997122126,10.7277170156185,0.772694836620543,8.28925154669479,"Madrid, Spain"
"52",-3.70343,40.47786,2015,7,5,186,"2015-07-05",23.71,30.04,0,38.39,21.44,26.02,30.03,93.79,1.92,6.97,-200.984758161232,4.25280968260075,2.55502020559979,6.76574436286435,0.999796482348786,4.66038228423207,3.66058580188328,0.243848458587928,0.06237035,20.04,628.58,1,20.0354,2.97216515651703e-07,20.0353997027835,9.4980846212541,0.812012877419149,7.7125670232751,"Madrid, Spain"
"53",-3.70343,40.47786,2015,7,6,187,"2015-07-06",20.1,31.85,0,40.54,22.01,29.73,30.21,93.77,2.67,6.01,-225.387506462826,4.71462033758125,2.64554313936041,7.59053988032237,0.935756994342218,5.11804150984139,4.18228451549917,0.266704234474932,0.06235705,21.85,650.43,1,22.8921,3.05352815552848e-07,22.8920996946472,11.7892393607394,0.853293512981361,10.0596814695035,"Madrid, Spain"
"54",-3.70343,40.47786,2015,7,7,188,"2015-07-07",17.13,31.07,0,39.42,22.69,29.93,30.41,93.72,2.93,3.14,-247.214547720239,4.51052702521202,2.75718954156172,7.15064764766732,0.765328579978635,4.95391859461452,4.18859001463588,0.2566441155289,0.0623238,21.07,671.5,1,23.0461,3.24451010367157e-07,23.046099675549,12.2740355848792,0.891229078531242,10.9389774241716,"Madrid, Spain"
"55",-3.70343,40.47786,2015,7,8,189,"2015-07-08",18.41,29.9,0,39.09,20.07,30.32,30.52,93.6,2.71,2.89,-236.205832805118,4.21878839653034,2.34843272335643,7.02531838248693,0.751870913954993,4.68687555292168,3.93500463896669,0.242151291293461,0.062244,19.9,691.4,1,23.3464,3.2448334748302e-07,23.3463996755167,11.8281335978367,0.925138334576172,10.9426598178471,"Madrid, Spain"
"56",-3.70343,40.47786,2015,7,9,190,"2015-07-09",22.21,29.01,0,39.53,18.21,30.03,30.62,93.64,2.74,4.23,-209.397599581124,4.00799303680325,2.09140027936042,7.19285158063896,0.826520870761812,4.64212592999969,3.81560505923788,0.231592218612047,0.0622706,19.01,710.41,1,23.1231,3.15009334187506e-07,23.1230996849907,11.7228478929398,0.955624925009954,11.2026456385937,"Madrid, Spain"
"57",-3.70343,40.47786,2015,7,10,191,"2015-07-10",15.82,28.88,0,37.27,20.62,31.07,31.07,93.69,2.81,0.2,-256.502813294546,3.97798300223923,2.42954417002515,6.36768387369415,0.619747868264412,4.39861402185965,3.77886615359524,0.230082737373012,0.06230385,18.88,729.29,1,23.9239,3.40364260303532e-07,23.9238996596357,11.9865518435097,0.983941801642454,11.7940694163836,"Madrid, Spain"
"58",-3.70343,40.47786,2015,7,11,192,"2015-07-11",22.45,28.63,0,37.53,19.37,30.31,30.62,93.85,1.98,4.73,-207.640483782794,3.92082052203795,2.24863115158601,6.45823576069743,0.856006297913203,4.35343345614172,3.49742715822852,0.227203098386006,0.06241025,18.63,747.92,1,23.3387,3.11243435405563e-07,23.3386996887566,10.4123308273672,1.00988906930341,10.5152990885291,"Madrid, Spain"
"59",-3.70343,40.47786,2015,7,12,193,"2015-07-12",21.32,28.83,0,37.57,19.2,30.43,30.61,93.88,1.5,3.81,-214.961134546298,3.96649285017627,2.22496111833783,6.47226531180151,0.802449291660201,4.34861321506967,3.54616392340947,0.229504371347675,0.0624302,18.83,766.75,1,23.4311,3.17263986769429e-07,23.431099682736,9.83476439582485,1.03405559450937,10.1696931441843,"Madrid, Spain"
"60",-3.70343,40.47786,2015,7,13,194,"2015-07-13",19.73,29.58,0,38.65,19.29,30.22,30.47,93.87,1.22,3.15,-226.301422923945,4.14191288074218,2.23746501561265,6.8611716319664,0.765871280754123,4.54931832378953,3.7834470430354,0.238309225951094,0.06242355,19.58,786.33,1,23.2694,3.22163003562341e-07,23.269399677837,9.55074401839135,1.05697466593393,10.0948944682597,"Madrid, Spain"
"61",13.34716,38.13726,2018,5,15,135,"2018-05-15",67.05,16.21,0.39,18.35,14.36,16.29,-99,100.04,3.28,10.17,-53.2748458829946,1.84281992368315,1.63633623000246,2.10985086981363,1.24202153429109,1.87309354990805,0.631072015616958,0.117507249960055,0.0665266,6.21,6.21,1,12.5433,2.6115186120409e-07,12.5432997388481,3.98835026353213,0.100001105330615,0.398839434798862,"Palermo, Italy"
"62",13.34716,38.13726,2018,5,16,136,"2018-05-16",74.22,16.46,0,18.66,14.28,23.72,26.42,100.06,2.42,11.92,-39.7689204957595,1.8724039745154,1.62788464178518,2.15121351748082,1.3951822444362,1.889549079633,0.494366835196795,0.119158541034085,0.0665399,6.46,12.67,1,18.2644,2.47991508585814e-07,18.2643997520085,4.72231686645046,0.100009387406149,0.472276016951438,"Palermo, Italy"
"63",13.34716,38.13726,2018,5,17,137,"2018-05-17",72.29,17.98,1.39,20.86,15.49,25.07,26.62,99.94,1.89,13,-43.5105563774449,2.06139510199864,1.75989393729335,2.46569878186749,1.49777090275698,2.11279635958042,0.615025456823443,0.129628236109501,0.0664601,7.98,20.65,1,19.3039,2.40921085568161e-07,19.3038997590789,5.27603679888115,0.100040641503094,0.527818105954004,"Palermo, Italy"
"64",13.34716,38.13726,2018,5,18,138,"2018-05-18",81.1,17.79,0.41,20.11,15.47,13.44,-99,99.83,3.43,14.54,-28.0721067205351,2.03689314450218,1.75763791889464,2.3542508379281,1.65549316823279,2.05594437841137,0.400451210178582,0.12827834050421,0.06638695,7.79,28.44,1,10.3488,2.28055644819788e-07,10.3487997719444,3.02791329592322,0.100106165994942,0.303112791019981,"Palermo, Italy"
"65",13.34716,38.13726,2018,5,19,139,"2018-05-19",77.47,19.05,0,21.56,16.89,25.34,26.2,99.79,2.23,15.08,-34.356513207916,2.20425710385632,1.92426276408025,2.57384943363588,1.71414939979973,2.24905609885806,0.53490669905833,0.137457221055306,0.06636035,9.05,37.49,1,19.5118,2.24645531978049e-07,19.5117997753545,5.26579894390027,0.10024317332298,0.527860396217362,"Palermo, Italy"
"66",13.34716,38.13726,2018,5,20,140,"2018-05-20",76.9,20,0.99,22.63,18.08,23.92,-99,99.64,2.4,15.89,-35.4652728084147,2.33828127092745,2.07439420491584,2.74717560037384,1.80555053769143,2.41078490264484,0.605234364953412,0.144740188112414,0.0662606,10,47.49,1,18.4184,2.18572437614315e-07,18.4183997814276,5.21871330347886,0.10049422708638,0.524450559818516,"Palermo, Italy"
"67",13.34716,38.13726,2018,5,21,141,"2018-05-21",77.96,20.3,0,23.56,17.82,14.91,-99,99.66,1.41,16.38,-33.6512164160472,2.38205933727792,2.0407448398748,2.90601507459749,1.86289212942908,2.47337995723614,0.610487827807056,0.147106821631184,0.0662739,10.3,57.79,1,11.4807,2.14551756348756e-07,11.4806997854482,3.52482589194379,0.100890430164695,0.355621200493863,"Palermo, Italy"
"68",13.34716,38.13726,2018,5,22,142,"2018-05-22",80.44,19.89,4.76,22.67,17.59,17.9,-99,99.84,1.73,16.46,-29.3775249341537,2.32240650861186,2.01137743634795,2.75384802578555,1.8724039745154,2.38261273106675,0.510208756551358,0.143880532716303,0.0663936,9.89,67.68,1,13.783,2.13442270212713e-07,13.7829997865577,3.96741854571208,0.101429934798637,0.402415004410482,"Palermo, Italy"
"69",13.34716,38.13726,2018,5,23,143,"2018-05-23",82.79,18.49,0.27,20.44,16.9,24.89,26.64,100.14,4.36,15.53,-25.3692276565082,2.12844376904993,1.92548360246603,2.40273316243172,1.76441359074685,2.16410838244888,0.39969479170203,0.133311314683417,0.0665931,8.49,76.17,1,19.1653,2.20401649722842e-07,19.1652997795984,4.69065715244467,0.10203782503119,0.478624453802448,"Palermo, Italy"
"70",13.34716,38.13726,2018,5,24,144,"2018-05-24",79.14,18.98,0,21.63,16.68,26.35,26.9,100.25,2.47,15.33,-31.4786119173116,2.19465305225127,1.89878130642743,2.58488904158897,1.74191665296484,2.2418351740082,0.499918521043357,0.136933086323797,0.06666625,8.98,85.15,1,20.2895,2.22472551975455e-07,20.2894997775274,5.34424575345332,0.102845831493258,0.549633398218223,"Palermo, Italy"
"71",13.34716,38.13726,2018,5,25,145,"2018-05-25",74.45,19.51,0,22.21,17.24,26.73,26.99,100.1,2.11,14.92,-39.770454376449,2.26828921657654,1.96739786297889,2.67796284674799,1.69658273242891,2.32268035486344,0.62609762243453,0.140943976596277,0.0665665,9.51,94.66,1,20.5821,2.2638188668422e-07,20.5820997736181,5.69661507735019,0.103907909750687,0.591923365341705,"Palermo, Italy"
"72",13.34716,38.13726,2018,5,26,146,"2018-05-26",74.14,21.02,0,24.05,17.95,26.17,26.84,100.22,2.12,16.32,-40.5408916053132,2.49006229655934,2.05750930260104,2.99288426087539,1.85578605632815,2.52519678173821,0.669410725410064,0.152920638429322,0.0666463,11.02,105.68,1,20.1509,2.15304231148085e-07,20.1508997846958,5.78000522406824,0.105434018403374,0.609409177166006,"Palermo, Italy"
"73",13.34716,38.13726,2018,5,27,147,"2018-05-27",70.01,22.03,0,24.34,19.78,21.45,-99,100.23,1.57,16.41,-48.4726067230739,2.64876960904871,2.30662607433018,3.04535666199544,1.86645409808087,2.67599136816281,0.809537270081948,0.1614026343498,0.06665295,12.03,117.71,1,16.5165,2.1528775031825e-07,16.5164997847122,5.10582079476805,0.107501921949883,0.548885548569247,"Palermo, Italy"
"74",13.34716,38.13726,2018,5,28,148,"2018-05-28",68.44,22.58,0,25.76,19.74,25.42,26.55,100.18,1.82,16.58,-51.6521855594334,2.73885492255647,2.30091102891244,3.31404389411949,1.88675152803128,2.80747746151597,0.920725933484685,0.166186318133209,0.0666197,12.58,130.29,1,19.5734,2.14286138992925e-07,19.5733997857139,6.08352962149463,0.110161018769255,0.670167820816788,"Palermo, Italy"
"75",13.34716,38.13726,2018,5,29,149,"2018-05-29",66.43,23.11,0,26.26,20.86,15.94,-99,99.81,2.61,16.63,-55.8121926498283,2.8281839091579,2.46569878186749,3.4134510246341,1.89275804441676,2.9395749032508,1.04681685883403,0.170908745347056,0.06637365,13.11,143.4,1,12.2738,2.144277424631e-07,12.2737997855723,4.75060401935763,0.11352636474909,0.539318804680086,"Palermo, Italy"
"76",13.34716,38.13726,2018,5,30,150,"2018-05-30",69.92,21.84,0,25.04,19.37,26.75,27.29,99.87,1.55,16.21,-48.6161972321689,2.61825645682669,2.24863115158601,3.17533315059115,1.84281992368315,2.71198215108858,0.869162227405431,0.159777355355901,0.06641355,11.84,155.24,1,20.5975,2.17152759430697e-07,20.5974997828472,6.18646718108717,0.117132639125509,0.724637227784086,"Palermo, Italy"
"77",13.34716,38.13726,2018,5,31,151,"2018-05-31",72.33,21.48,0,24.14,19.05,26.42,27.01,100.16,1.49,16.38,-43.9583090301924,2.56128319768639,2.20425710385632,3.00908372581894,1.86289212942908,2.60667041483763,0.743778285408544,0.156735775660792,0.0666064,11.48,166.72,1,20.3434,2.15212533410167e-07,20.3433997847875,5.93780420848537,0.121181920243294,0.719554516012968,"Palermo, Italy"
"78",13.34716,38.13726,2018,6,1,152,"2018-06-01",71.96,21.88,0,24.76,19.32,27.64,28.15,100.32,2.53,16.69,-44.7148629412806,2.62465463616624,2.24164661927998,3.12277346166692,1.8999879717878,2.68221004047345,0.782222068685653,0.160118365480193,0.0667128,11.88,178.6,1,21.2828,2.12797376204747e-07,21.2827997872026,6.30968976205443,0.125982542585575,0.794910759149791,"Palermo, Italy"
"79",13.34716,38.13726,2018,6,2,153,"2018-06-02",63.62,23.59,0,26.5,20.48,27.56,28.01,100.23,1.91,16.41,-61.8097414779976,2.91126963772296,2.40866870521939,3.46208235879782,1.86645409808087,2.93537553200861,1.06892143392774,0.175282887771489,0.06665295,13.59,192.19,1,21.2212,2.16330570868874e-07,21.2211997836694,6.76873604008179,0.132281819732655,0.895380720672025,"Palermo, Italy"
"80",13.34716,38.13726,2018,6,3,154,"2018-06-03",61.33,24.67,0,28.39,21.9,27.67,28.1,100.03,1.57,16.85,-67.0631119147918,3.10604119964944,2.62785884427302,3.86661838388586,1.91938618828032,3.24723861407944,1.32785242579912,0.185471013833357,0.06651995,14.67,206.86,1,21.3059,2.13598489753793e-07,21.3058997864015,7.06627169867806,0.140105788313371,0.99002556677975,"Palermo, Italy"
"81",13.34716,38.13726,2018,6,4,155,"2018-06-04",68.12,22.87,0,26.13,19.72,21.78,-99,99.73,2.27,16.79,-52.3417930861927,2.78742284555534,2.29805815296419,3.38735843536439,1.91209162269624,2.84270829416429,0.930616671468055,0.168756447840759,0.06632045,12.87,219.73,1,16.7706,2.12544439234088e-07,16.7705997874556,5.52244822788249,0.147891178841539,0.816721378512907,"Palermo, Italy"
"82",13.34716,38.13726,2018,6,5,156,"2018-06-05",74.3,21.35,0,23.82,19.28,27.92,28.38,99.68,2.35,16.67,-40.2939347869733,2.54097737532544,2.23607266491008,2.95183083390777,1.89757531247572,2.59395174940892,0.696376436933206,0.155649520356854,0.0662872,11.35,231.08,1,21.4984,2.12621253488673e-07,21.4983997873787,6.17291881166947,0.155502252599797,0.959902780330267,"Palermo, Italy"
"83",13.34716,38.13726,2018,6,6,157,"2018-06-06",67.27,22.11,0,24.97,19.63,26.08,-99,99.91,2.67,15.87,-53.9150683711168,2.66170988297579,2.28525845907523,3.16212143485855,1.80324329489825,2.72368994696689,0.920446652068645,0.162091127729298,0.06644015,12.11,243.19,1,20.0816,2.20194999925776e-07,20.081599779805,6.32180325556905,0.164419340956536,1.03942672493754,"Palermo, Italy"
"84",13.34716,38.13726,2018,6,7,158,"2018-06-07",72.06,23.42,0,26.83,20.29,22.89,-99,99.72,3,18.2,-44.7584574193495,2.88160306276431,2.38058860478331,3.5299355685947,2.09008780108797,2.955262086689,0.865174285601034,0.173723038278898,0.0663138,13.42,256.61,1,17.6253,2.00183119333483e-07,17.6252997998169,5.75882286132522,0.175289356760709,1.00946035506056,"Palermo, Italy"
"85",13.34716,38.13726,2018,6,8,159,"2018-06-08",77.42,21.66,0,23.32,19.75,24.7,28.23,99.8,5.57,17.6,-34.7509020587159,2.58963295105837,2.30233862804342,2.86427567350492,2.01264654262734,2.58330715077417,0.570660608146835,0.158250391740634,0.066367,11.66,268.27,1,19.019,2.04285881258096e-07,19.0189997957141,5.34483012278427,0.185597580593083,0.991987539469793,"Palermo, Italy"
"86",13.34716,38.13726,2018,6,9,160,"2018-06-09",75.9,21.19,0,23.53,19.3,27.89,-99,100.04,3.76,16.84,-37.3836553815324,2.51617880074969,2.23885812467536,2.90076878999423,1.9181687371693,2.5698134573348,0.651644720165495,0.154321330863906,0.0665266,11.19,279.46,1,21.4753,2.11016516030248e-07,21.4752997889835,6.05048465458304,0.196259310562676,1.18746394687852,"Palermo, Italy"
"87",13.34716,38.13726,2018,6,10,161,"2018-06-10",64.05,22.41,0,25.54,19.24,28.36,28.53,99.86,1.86,15.39,-60.6470804726544,2.71072898818279,2.23051083871249,3.27111039474868,1.74863917763864,2.75081061673058,1.00217143909194,0.16469511191703,0.0664069,12.41,291.87,1,21.8372,2.24418449420423e-07,21.8371997755815,6.75395204658509,0.208975478003294,1.41141035734645,"Palermo, Italy"
"88",13.34716,38.13726,2018,6,11,162,"2018-06-11",61.04,24.3,0,27.5,21.36,28.16,28.4,99.62,1.59,16.43,-67.6291844183747,3.03807171522154,2.54253435212191,3.6712702092917,1.86883205778265,3.1069022807068,1.23807022292416,0.181925884947282,0.0662473,14.3,306.17,1,21.6832,2.16838341491704e-07,21.6831997831617,7.05750078375776,0.224801033609863,1.58653347089116,"Palermo, Italy"
"89",13.34716,38.13726,2018,6,12,163,"2018-06-12",77.85,22.67,0.2,25.66,20.28,27.32,-99,99.58,2.92,18.67,-34.1152383841749,2.75384802578555,2.37911866625881,3.29446816306613,2.15255952739022,2.83679341466247,0.68423388727225,0.166980383925682,0.0662207,12.67,318.84,1,21.0364,1.95425599319533e-07,21.0363998045744,6.14126374916381,0.239874434564275,1.47313216934075,"Palermo, Italy"
"90",13.34716,38.13726,2018,6,13,164,"2018-06-13",76.62,21.72,0.38,23.78,20.05,27.57,-99,99.42,5.07,17.5,-36.1686623772346,2.59914359289532,2.34552838365167,2.94474149479194,1.99998697489995,2.64513493922181,0.645147964321855,0.158758003715856,0.0661143,11.72,330.56,1,21.2289,2.05454433723499e-07,21.2288997945456,6.0071034054826,0.254694157711953,1.529974142148,"Palermo, Italy"
"91",13.34716,38.13726,2018,6,14,165,"2018-06-14",77.95,20.8,5.3,22.33,19.71,22.29,-99,99.14,5.9,16.87,-33.7258920026028,2.45661632607162,2.29663287543632,2.69758076029412,1.92182312127056,2.49710681786522,0.575283696594661,0.151123943836009,0.0659281,10.8,341.36,1,17.1633,2.1046728169273e-07,17.1632997895327,4.99205946222233,0.269089660725925,1.34331158701305,"Palermo, Italy"
"92",13.34716,38.13726,2018,6,15,166,"2018-06-15",80.85,21.05,4.49,22.33,19.53,24.67,-99,99.35,4.12,17.68,-28.8048479560983,2.49465380241518,2.27110974636876,2.69758076029412,2.02282465980439,2.48434525333144,0.461520593527054,0.153167035525504,0.06606775,11.05,352.41,1,18.9959,2.03143259432001e-07,18.9958997968567,5.04068431868301,0.284542007135093,1.43428643337245,"Palermo, Italy"
"93",13.34716,38.13726,2018,6,16,167,"2018-06-16",78.22,21.88,1.1,23.81,20.13,27.06,28.21,99.61,4.36,17.97,-33.3798752691855,2.62465463616624,2.35716461855535,2.95005710442735,2.06009912231968,2.65361086149135,0.593511739171671,0.160118365480193,0.06624065,11.88,364.29,1,20.8362,2.01219119797063e-07,20.8361997987809,5.80598649224139,0.301955743819509,1.75315096987077,"Palermo, Italy"
"94",13.34716,38.13726,2018,6,17,168,"2018-06-17",79.18,21.98,0.62,24.14,20.19,27.66,28.2,99.84,3.43,18.26,-31.7330248783256,2.64070987137024,2.3659248884089,3.00908372581894,2.09797349767461,2.68750430711392,0.589530809439313,0.160973581554803,0.0663936,11.98,376.27,1,21.2982,1.98689634978827e-07,21.2981998013104,5.93323413449633,0.320334527935616,1.90061975560537,"Palermo, Italy"
"95",13.34716,38.13726,2018,6,18,169,"2018-06-18",79,22.09,1.1,24.32,20.04,27.41,28.34,99.83,3.31,18.33,-32.0543295139395,2.658469649032,2.34407739193553,3.04171228611963,2.10720637999868,2.69289483902758,0.585688459028901,0.16191877228293,0.06638695,12.09,388.36,1,21.1057,1.98054306640511e-07,21.1056998019457,5.89677349947908,0.339687479199182,2.00306012544659,"Palermo, Italy"
"96",13.34716,38.13726,2018,6,19,170,"2018-06-19",82.29,22.59,2.72,24.27,20.82,27.53,27.93,99.94,2.41,19.45,-26.5508351926285,2.74051729542806,2.45964055683927,3.03261798588188,2.25984600190913,2.74612927136057,0.486283269451443,0.166274389938588,0.0664601,12.59,400.95,1,21.1981,1.87813963799107e-07,21.198099812186,5.83312566459,0.360664838760853,2.10380332729114,"Palermo, Italy"
"97",13.34716,38.13726,2018,6,20,171,"2018-06-20",77.6,23.5,7.23,25.42,21.78,25.21,27.82,100.16,1.52,19.42,-34.6503835984039,2.89553077290899,2.6086847339558,3.24789712177785,2.25563471292441,2.92829092786682,0.672656214942409,0.174455620086218,0.0666064,13.5,414.45,1,19.4117,1.88769494876373e-07,19.4116998112305,5.76584119031655,0.384043344566725,2.21433293496975,"Palermo, Italy"
"98",13.34716,38.13726,2018,6,21,172,"2018-06-21",75.14,22.81,5.27,24.49,21.21,25,-99,100.15,1.02,18.26,-38.9611286165429,2.77731307856118,2.51926701095531,3.07281110341335,2.09797349767461,2.79603905718433,0.698065559509719,0.168221962488219,0.06659975,12.81,427.26,1,19.25,1.99150491323398e-07,19.2499998008495,5.68199938146959,0.407019292846625,2.31268337020071,"Palermo, Italy"
"99",13.34716,38.13726,2018,6,22,173,"2018-06-22",72.89,23.28,2.46,25.74,20.92,27.56,28.13,99.99,2.86,18.24,-43.1737356804777,2.85737022299828,2.47481057255702,3.31012065728865,2.0953420436142,2.89246561492284,0.797123571308636,0.172447264314644,0.06649335,13.28,440.54,1,21.2212,1.99658354879517e-07,21.2211998003416,6.43471264102402,0.431589195167954,2.77715244987662,"Palermo, Italy"
"100",13.34716,38.13726,2018,6,23,174,"2018-06-23",72.31,23.54,1.49,26.29,21.43,27.4,-99,99.92,2.54,18.37,-44.3032918640209,2.90251663237236,2.55345654992314,3.41949720254969,2.11249826388141,2.98647687623641,0.873978612355006,0.174822887090998,0.0664468,13.54,454.08,1,21.098,1.98809520858714e-07,21.0979998011905,6.53786096753693,0.457353829115899,2.99011574773039,"Palermo, Italy"
"101",13.34716,38.13726,2018,6,24,175,"2018-06-24",73.49,23.03,5.52,25.15,21.36,27.17,-99,99.9,2.35,18.12,-42.0190184612285,2.81453945695552,2.54253435212191,3.19619167115178,2.07961390319407,2.86936301163684,0.789749108442769,0.170188754006817,0.0664335,13.03,467.11,1,20.9209,2.0071530748676e-07,20.9208997992847,6.30829321093515,0.482752179301733,3.04534229525327,"Palermo, Italy"
"102",13.34716,38.13726,2018,6,25,176,"2018-06-25",70.15,22.2,3.53,23.91,20.48,26.92,28.35,99.77,2.99,16.61,-48.2287512456156,2.67633365941637,2.40866870521939,2.96783632055122,1.89035343060245,2.6882525128853,0.797899082282855,0.162868645962679,0.06634705,12.2,479.31,1,20.7284,2.13618542400943e-07,20.7283997863815,6.26967642063603,0.50699933191556,3.17872175658921,"Palermo, Italy"
"103",13.34716,38.13726,2018,6,26,177,"2018-06-26",64.86,22.34,0.26,24.21,20.34,27.26,28.46,99.71,5.06,15.52,-58.9223643467963,2.69922123703612,2.38795021421397,3.02173614303331,1.76328272454362,2.70484317862364,0.941560454080022,0.164084378100874,0.06630715,12.34,491.65,1,20.9902,2.23210627539847e-07,20.9901997767894,6.874091057141,0.531912849835521,3.65641736423274,"Palermo, Italy"
"104",13.34716,38.13726,2018,6,27,178,"2018-06-27",64.36,22.68,0,24.65,21.06,27.79,28.66,99.65,3.84,15.72,-60.0445753843781,2.75551834142186,2.49618594770408,3.10233355600674,1.78602118428634,2.79925975185541,1.01323856756907,0.167068810827691,0.06626725,12.68,504.33,1,21.3983,2.2191471144835e-07,21.3982997780853,7.01381710820931,0.557842452200577,3.91260493492984,"Palermo, Italy"
"105",13.34716,38.13726,2018,6,28,179,"2018-06-28",67.84,23.15,0,25.5,21.15,28.16,28.46,99.64,3.95,16.99,-52.9533843320196,2.83502776156418,2.51001230313783,3.26335661932448,1.93650171494479,2.88668446123116,0.950182746286366,0.171269703758808,0.0662606,13.15,517.48,1,21.6832,2.11040980355191e-07,21.683199788959,6.95504912042521,0.584998642154233,4.06869429156474,"Palermo, Italy"
"106",13.34716,38.13726,2018,6,29,180,"2018-06-29",71.86,22.94,0,26.08,20.35,27.14,28.17,99.58,3.47,17.69,-45.0650817433846,2.79925816755236,2.38942492200267,3.37736920429268,2.02410008775089,2.88339706314768,0.859296975396789,0.16938182488891,0.0662207,12.94,530.42,1,20.8978,2.04630424624958e-07,20.8977997953696,6.51736201279868,0.611894419364769,3.98793744461145,"Palermo, Italy"
"107",13.34716,38.13726,2018,6,30,181,"2018-06-30",60.89,23.68,0,26.58,20.57,28.07,28.44,99.64,2.15,15.8,-67.8246688228052,2.92708310844925,2.42207056388333,3.47842639456359,1.79518828168672,2.95024847922346,1.15506019753674,0.17611346181825,0.0662606,13.68,544.1,1,21.6139,2.21756788971087e-07,21.6138997782432,7.05691810403468,0.640413193721635,4.51934346083687,"Palermo, Italy"
"108",13.34716,38.13726,2018,7,1,182,"2018-07-01",60.8,25.27,0,28.76,21.79,28.16,28.71,99.78,1.4,17.28,-68.3911028367319,3.21908257961978,2.61027789513116,3.95045515708757,1.97238109805268,3.28036652610936,1.30798542805668,0.191343566042939,0.0663537,15.27,559.37,1,21.6832,2.09800268179349e-07,21.6831997901997,7.11900965690777,0.672218301370179,4.78552857900444,"Palermo, Italy"
"109",13.34716,38.13726,2018,7,2,183,"2018-07-02",65.97,24.94,0,28.42,22.01,27.61,28.47,99.93,1.69,18.26,-57.1107908631165,3.15647396120641,2.64554313936041,3.87335778640768,2.09797349767461,3.25945046288405,1.16147696520944,0.188094584869509,0.06645345,14.94,574.31,1,21.2597,2.00741623082393e-07,21.2596997992584,6.91947740144447,0.703166928642437,4.86554767218446,"Palermo, Italy"
"110",13.34716,38.13726,2018,7,3,184,"2018-07-03",76.62,23.76,0,26.75,21.6,27.72,28.83,100.04,1.89,19.49,-36.4187609171626,2.94120239992859,2.58015272603594,3.51338082106969,2.26547175111451,3.04676677355282,0.781295022438314,0.176854534053001,0.0665266,13.76,588.07,1,21.3444,1.88467581190388e-07,21.3443998115324,6.42386251770879,0.731401980492588,4.69842576786431,"Palermo, Italy"
"111",13.34716,38.13726,2018,7,4,185,"2018-07-04",70.59,24.63,0,27.5,21.79,28.01,28.58,100.11,2.11,19.04,-47.7677804468881,3.09862977294306,2.61027789513116,3.6712702092917,2.20288284923377,3.14077405221143,0.937891202977662,0.185084972020541,0.06657315,14.63,602.7,1,21.5677,1.9304546706777e-07,21.5676998069545,6.77000663618453,0.761016822916117,5.15208894139018,"Palermo, Italy"
"112",13.34716,38.13726,2018,7,5,186,"2018-07-05",68.28,25.74,0,29.01,22.91,25,-99,99.94,2.35,19.58,-52.5260401214844,3.31012065728865,2.79418052570053,4.00799303680325,2.27817449580898,3.40108678125189,1.12291228544291,0.196052410721038,0.0664601,15.74,618.44,1,19.25,1.88733814970644e-07,19.2499998112662,6.55277435777173,0.792274208379246,5.19159411699142,"Palermo, Italy"
"113",13.34716,38.13726,2018,7,6,187,"2018-07-06",79,24.33,0,26.58,22.21,28.03,28.69,100.01,4.1,20.52,-32.2974037483795,3.0435339982259,2.67796284674799,3.47842639456359,2.41461706216293,3.07819462065579,0.663577558492861,0.182211183559922,0.06650665,14.33,632.77,1,21.5831,1.78648851317945e-07,21.5830998213512,6.30362992813939,0.820067457519283,5.16940176831173,"Palermo, Italy"
"114",13.34716,38.13726,2018,7,7,188,"2018-07-07",78.65,24.07,0,26.17,22.19,27.4,-99,100.11,3.52,20.19,-32.8770337379579,2.99647755138701,2.67470533777662,3.39536834819386,2.3659248884089,3.03503684298524,0.669111954576337,0.179751079317711,0.06657315,14.07,646.84,1,21.098,1.81733831433132e-07,21.0979998182662,6.2034794374662,0.846638643323983,5.25210541482461,"Palermo, Italy"
"115",13.34716,38.13726,2018,7,8,189,"2018-07-08",71.33,24.45,0,27.27,22.21,28.1,28.37,100.03,2.55,19.03,-46.3094870157121,3.06546889318073,2.67796284674799,3.62220683565584,2.20150934427166,3.15008484120191,0.948575496930247,0.183356152328684,0.06651995,14.45,661.29,1,21.637,1.93201679541397e-07,21.6369998067983,6.84605301785307,0.873093440324989,5.97724398200461,"Palermo, Italy"
"116",13.34716,38.13726,2018,7,9,190,"2018-07-09",70.15,24.6,0,27.47,22.13,27.83,28.17,99.93,2,18.91,-48.6204568394887,3.09308132952254,2.66495356572142,3.66483799957194,2.18508563230986,3.16489578264668,0.97981015033682,0.184795885216623,0.06645345,14.6,675.89,1,21.4291,1.9437466578376e-07,21.4290998056253,6.77884475739546,0.898876948104877,6.09334728720438,"Palermo, Italy"
"117",13.34716,38.13726,2018,7,10,191,"2018-07-10",62.07,25.22,0,27.84,22.57,27.65,28.05,99.91,1.09,17.57,-65.5386778496044,3.20952738928739,2.73719343024274,3.74485850913238,2.00884132575523,3.24102596968756,1.23218464393233,0.190848279481554,0.06644015,15.22,691.11,1,21.2905,2.07104761484506e-07,21.2904997928952,6.83587565398869,0.924658475448612,6.32085036057347,"Palermo, Italy"
"118",13.34716,38.13726,2018,7,11,192,"2018-07-11",62.68,26.03,0,28.78,23.76,27.67,28.05,99.9,1.5,18.49,-64.3689028878294,3.36740565454537,2.94120239992859,3.95503158708287,2.12844376904993,3.44811699350573,1.3196732244558,0.19900624840533,0.0664335,16.03,707.14,1,21.3059,1.99297322332027e-07,21.3058998007027,7.10181096517237,0.950519095169434,6.75040693268001,"Palermo, Italy"
"119",13.34716,38.13726,2018,7,12,193,"2018-07-12",60.63,26.91,0,29.74,24.16,28.11,28.11,100.06,1.46,18.79,-69.1537270485916,3.54655822454046,3.01269397727097,4.18019695006333,2.16876922480094,3.59644546366715,1.42767623886621,0.208199914142426,0.0665399,16.91,724.05,1,21.6447,1.96916274071874e-07,21.6446998030837,7.3263582013801,0.976283900352638,7.1526055602239,"Palermo, Italy"
"120",13.34716,38.13726,2018,7,13,194,"2018-07-13",58.65,27.78,0,31.03,25.03,27.96,28.07,100.14,1.51,19.07,-73.956057543174,3.73177979506803,3.17344282072385,4.50027097965526,2.2070078634687,3.83685690018955,1.62984903672086,0.217637655688239,0.0665931,17.78,741.83,1,21.5292,1.94952555960627e-07,21.5291998050474,7.54383890040747,1.00162852651775,7.55612424210242,"Palermo, Italy"
